<?xml version="1.0" encoding="utf-8"?>
<labels xmlns="http://mulan.sourceforge.net/labels">
<label name="513021_Butchers_and_Meat_Cutters"></label>
<label name="292071_Medical_Records_and_Health_Information_Technicians"></label>
<label name="392021_Nonfarm_Animal_Caretakers"></label>
<label name="151131_Computer_Programmers"></label>
<label name="151141_Database_Administrators"></label>
<label name="291069_Physicians_and_Surgeons__All_Other"></label>
<label name="119032_Education_Administrators__Elementary_and_Secondary_School"></label>
<label name="432011_Switchboard_Operators__Including_Answering_Service"></label>
<label name="419022_Real_Estate_Sales_Agents"></label>
<label name="292037_Radiologic_Technologists_and_Technicians*"></label>
<label name="519061_Inspectors__Testers__Sorters__Samplers__and_Weighers"></label>
<label name="291051_Pharmacists"></label>
<label name="172141_Mechanical_Engineers"></label>
<label name="431011_First-Line_Supervisors_of_Office_and_Administrative_Support_Workers"></label>
<label name="291127_Speech-Language_Pathologists"></label>
<label name="412021_Counter_and_Rental_Clerks"></label>
</labels>