<?xml version="1.0" encoding="utf-8"?>
<labels xmlns="http://mulan.sourceforge.net/labels">
<label name="58028_Shipping__Receiving__and_Traffic_Clerks"></label>
<label name="15014_Industrial_Production_Managers"></label>
<label name="32511_Physician_Assistants"></label>
<label name="15017_Construction_Managers"></label>
<label name="98502_Machine_Feeders_and_Offbearers"></label>
<label name="92965_Crushing__Grinding__Mixing__and_Blending_Machine_Operators_and_Tenders"></label>
<label name="32314_Speech-Language_Pathologists_and_Audiologists"></label>
<label name="13008_Purchasing_Managers"></label>
<label name="21114_Accountants_and_Auditors"></label>
<label name="85110_Machinery_Maintenance_Mechanics"></label>
<label name="27311_Recreation_Workers"></label>
<label name="98902_Hand_Packers_and_Packagers"></label>
<label name="65032_Cooks__Fast_Food"></label>
<label name="92998_All_Other_Machine_Operators_and_Tenders"></label>
<label name="27108_Psychologists"></label>
<label name="53905_Teacher_Aides_and_Educational_Assistants__Clerical"></label>
</labels>


